{"config": {"view": {"continuousWidth": 300, "continuousHeight": 300}}, "data": {"name": "data-63e77c2a78d396b341fca62e7918d1ae"}, "mark": {"type": "bar"}, "encoding": {"tooltip": [{"field": "Zip", "type": "nominal"}, {"field": "stores", "type": "quantitative"}], "x": {"field": "stores", "title": "Number of grocery stores", "type": "quantitative"}, "y": {"field": "Zip", "sort": "-x", "title": "ZIP code", "type": "nominal"}}, "height": 400, "params": [{"name": "param_2", "select": {"type": "point", "fields": ["New status"]}, "bind": {"input": "select", "options": ["CLOSED", "ONLINE ORDERS ONLY", "OPEN"], "name": "Store status: "}}], "title": "Which Chicago ZIP codes have the most grocery stores by status?", "transform": [{"filter": {"param": "param_2"}}, {"aggregate": [{"op": "count", "as": "stores"}], "groupby": ["Zip"]}, {"window": [{"op": "rank", "field": "stores", "as": "rank"}], "sort": [{"field": "stores", "order": "descending"}]}, {"filter": "datum.rank <= 15"}], "width": 500, "$schema": "https://vega.github.io/schema/vega-lite/v5.8.0.json", "datasets": {"data-63e77c2a78d396b341fca62e7918d1ae": [{"Store Name": "Jewel - Osco", "Address": "87 W 87th St", "Zip": "60620", "New status": "OPEN", "Last updated": "06/03/2020 05:00:00 PM", "Location": "POINT (-87.626243 41.736172)"}, {"Store Name": "Farm on Ogden", "Address": "3555 W OGDEN AVE", "Zip": "60623", "New status": "OPEN", "Last updated": "06/10/2020 12:00:00 AM", "Location": "POINT (-87.71437 41.854608)"}, {"Store Name": "Jewel - Osco", "Address": "5343 N Broadway St", "Zip": "60640-2311", "New status": "OPEN", "Last updated": "06/03/2020 05:00:00 PM", "Location": "POINT (-87.659887 41.978998)"}, {"Store Name": "International Foods NW", "Address": "4404 W FULLERTON AVE", "Zip": "60639", "New status": "OPEN", "Last updated": "06/10/2020 12:00:00 AM", "Location": "POINT (-87.737127 41.924425)"}, {"Store Name": "Jewel - Osco", "Address": "2520 N Narragansett Ave", "Zip": "60639-1041", "New status": "OPEN", "Last updated": "06/03/2020 05:00:00 PM", "Location": "POINT (-87.785559 41.926236)"}, {"Store Name": "Mariano's Fresh Market", "Address": "40 S Halsted St", "Zip": "60661-3506", "New status": "OPEN", "Last updated": null, "Location": "POINT (-87.647384 41.880557)"}, {"Store Name": "Mariano's Fresh Market", "Address": "3145 South Ashland Ave", "Zip": "60608", "New status": "OPEN", "Last updated": "06/05/2020 01:21:00 PM", "Location": "POINT (-87.66563800000002 41.836512)"}, {"Store Name": "Aldi", "Address": "7800 S South Chicago Ave", "Zip": "60619-2724", "New status": "OPEN", "Last updated": "06/05/2020 01:21:00 PM", "Location": "POINT (-87.587472 41.752778)"}, {"Store Name": "Food 4 Less", "Address": "7030 S Ashland Ave", "Zip": "60636-3948", "New status": "OPEN", "Last updated": "06/05/2020 01:21:00 PM", "Location": "POINT (-87.663901 41.765174)"}, {"Store Name": "Whole Foods Market", "Address": "1 N Halsted St", "Zip": "60661-2176", "New status": "OPEN", "Last updated": "06/04/2020 03:00:00 PM", "Location": "POINT (-87.647331 41.882501)"}, {"Store Name": "Ted's Fresh Market", "Address": "2840 W Devon Ave", "Zip": "60645", "New status": "OPEN", "Last updated": "06/04/2020 03:00:00 PM", "Location": "POINT (-87.701088 41.99753)"}, {"Store Name": "Aldi", "Address": "4645 W. Diversy Ave", "Zip": "60639", "New status": "OPEN", "Last updated": "06/10/2020 12:00:00 AM", "Location": "POINT (-87.743743 41.931592)"}, {"Store Name": "Foodsmart", "Address": "3415 W Diversey Ave", "Zip": "60647", "New status": "OPEN", "Last updated": "06/04/2020 03:00:00 PM", "Location": "POINT (-87.712866 41.931959)"}, {"Store Name": "Shop & Save Market", "Address": "6312 N Nagle Ave", "Zip": "60646", "New status": "OPEN", "Last updated": "06/04/2020 03:00:00 PM", "Location": "POINT (-87.787504 41.996164)"}, {"Store Name": "La Cienega Super Food", "Address": "10736 S EWING AVE", "Zip": "60617", "New status": "OPEN", "Last updated": "06/10/2020 12:00:00 AM", "Location": "POINT (-87.535294 41.699723)"}, {"Store Name": "Chicago Produce", "Address": "3500 W Lawrence Ave", "Zip": "60625-5612", "New status": "OPEN", "Last updated": "06/04/2020 03:00:00 PM", "Location": "POINT (-87.715926 41.968373)"}, {"Store Name": "Paulina Super Market", "Address": "7622 N Paulina St", "Zip": "60626-1018", "New status": "OPEN", "Last updated": "06/05/2020 01:21:00 PM", "Location": "POINT (-87.673098 42.020029)"}, {"Store Name": "Save A Lot", "Address": "5555 W North Ave", "Zip": "60639", "New status": "OPEN", "Last updated": "06/05/2020 01:21:00 PM", "Location": "POINT (-87.765278 41.90935000000001)"}, {"Store Name": "Food 4 Less", "Address": "112 W 87Th St Ste G1", "Zip": "60620-1318", "New status": "OPEN", "Last updated": "06/05/2020 01:21:00 PM", "Location": "POINT (-87.628203 41.736274)"}, {"Store Name": "Fresh Marketplace", "Address": "2134 N Western Ave", "Zip": "60647", "New status": "OPEN", "Last updated": "06/04/2020 03:00:00 PM", "Location": "POINT (-87.68756200000001 41.920967000000005)"}, {"Store Name": "Aldi", "Address": "4030 W Wrightwood Ave", "Zip": "60639-2125", "New status": "OPEN", "Last updated": "06/04/2020 03:00:00 PM", "Location": "POINT (-87.728091 41.928127)"}, {"Store Name": "Pete's Fresh Market", "Address": "4343 S Pulaski Rd.", "Zip": "60632", "New status": "OPEN", "Last updated": "06/04/2020 03:00:00 PM", "Location": "POINT (-87.723709 41.813795)"}, {"Store Name": "Walmart Neighborhood Market", "Address": "4720 S Cottage Grove Ave", "Zip": "60615-1612", "New status": "CLOSED", "Last updated": "06/10/2020 12:00:00 AM", "Location": "POINT (-87.606539 41.80867)"}, {"Store Name": "Fresh Marketplace", "Address": "5020 W Fullerton Ave", "Zip": "60639", "New status": "OPEN", "Last updated": "06/04/2020 03:00:00 PM", "Location": "POINT (-87.75198 41.924229)"}, {"Store Name": "Aldi", "Address": "1753 N Milwaukee Ave", "Zip": "60647-5423", "New status": "OPEN", "Last updated": "06/04/2020 03:00:00 PM", "Location": "POINT (-87.681868 41.913241)"}, {"Store Name": "Costco", "Address": "1430 S Ashland Ave", "Zip": "60608-2040", "New status": "OPEN", "Last updated": "06/04/2020 03:00:00 PM", "Location": "POINT (-87.666318 41.862387)"}, {"Store Name": "Target", "Address": "1664 W Division St", "Zip": "60622-3922", "New status": "OPEN", "Last updated": "06/10/2020 12:00:00 AM", "Location": "POINT (-87.670037 41.90332)"}, {"Store Name": "Morse Fresh Market", "Address": "1430 W MORSE AVE", "Zip": "60626", "New status": "OPEN", "Last updated": "06/10/2020 12:00:00 AM", "Location": "POINT (-87.667272 42.007928)"}, {"Store Name": "Local Market", "Address": "2101 E 71ST ST", "Zip": "60649", "New status": "OPEN", "Last updated": "06/10/2020 12:00:00 AM", "Location": "POINT (-87.574498 41.766083)"}, {"Store Name": "Target", "Address": "1200 N Larrabee St", "Zip": "60610-1746", "New status": "OPEN", "Last updated": "06/05/2020 01:21:00 PM", "Location": "POINT (-87.643205 41.903741)"}, {"Store Name": "Aldi", "Address": "5001 N Pulaski Rd", "Zip": "60630-2706", "New status": "OPEN", "Last updated": null, "Location": "POINT (-87.728134 41.972832)"}, {"Store Name": "Aldi", "Address": "3320 W Belmont Ave", "Zip": "60618-5513", "New status": "OPEN", "Last updated": "06/04/2020 03:00:00 PM", "Location": "POINT (-87.710816 41.939357)"}, {"Store Name": "Old World Market", "Address": "5129 N BROADWAY", "Zip": "60640", "New status": "OPEN", "Last updated": "06/10/2020 12:00:00 AM", "Location": "POINT (-87.65979300000001 41.975531)"}, {"Store Name": "Jewel - Osco", "Address": "1340 S Canal St", "Zip": "60607", "New status": "OPEN", "Last updated": "06/03/2020 05:00:00 PM", "Location": "POINT (-87.639156 41.864386)"}, {"Store Name": "Park to Shop Supermarket Canal", "Address": "1835 S CANAL ST", "Zip": "60616", "New status": "OPEN", "Last updated": "06/10/2020 12:00:00 AM", "Location": "POINT (-87.638889 41.856363)"}, {"Store Name": "Jewel - Osco", "Address": "2940 N Ashland Ave", "Zip": "60657-4004", "New status": "OPEN", "Last updated": "06/03/2020 05:00:00 PM", "Location": "POINT (-87.66857 41.93556)"}, {"Store Name": "La Merced", "Address": "4335 W 26TH ST", "Zip": "60623", "New status": "OPEN", "Last updated": "06/10/2020 12:00:00 AM", "Location": "POINT (-87.732431 41.844143)"}, {"Store Name": "Aldi", "Address": "6621 S Cottage Grove Ave", "Zip": "60637-4126", "New status": "OPEN", "Last updated": "06/05/2020 01:21:00 PM", "Location": "POINT (-87.6058 41.774139000000005)"}, {"Store Name": "Fairplay Neighborhood Market", "Address": "2200 S Western Ave.", "Zip": "60608", "New status": "OPEN", "Last updated": "06/04/2020 03:00:00 PM", "Location": "POINT (-87.685717 41.851983)"}, {"Store Name": "Fresh Farms", "Address": "2626 W Devon Ave", "Zip": "60659", "New status": "OPEN", "Last updated": "06/04/2020 03:00:00 PM", "Location": "POINT (-87.695711 41.997625)"}, {"Store Name": "Jewel - Osco", "Address": "9400 S Ashland Ave", "Zip": "60620-5121", "New status": "OPEN", "Last updated": "06/03/2020 05:00:00 PM", "Location": "POINT (-87.662811 41.723015)"}, {"Store Name": "Aldi", "Address": "1508 W 47th St", "Zip": "60609-3236", "New status": "OPEN", "Last updated": "06/05/2020 01:21:00 PM", "Location": "POINT (-87.662937 41.808677)"}, {"Store Name": "Aldi", "Address": "6221 N Broadway St", "Zip": "60660-1902", "New status": "OPEN", "Last updated": "06/04/2020 03:00:00 PM", "Location": "POINT (-87.660357 41.995236)"}, {"Store Name": "Carnival Grocery & Liquor", "Address": "458 W Dickens Ave", "Zip": "60614", "New status": "OPEN", "Last updated": "06/05/2020 01:21:00 PM", "Location": "POINT (-87.640843 41.920154)"}, {"Store Name": "Food 4 Less", "Address": "4821 W North Ave", "Zip": "60639-4529", "New status": "OPEN", "Last updated": "06/05/2020 01:21:00 PM", "Location": "POINT (-87.747691 41.909574)"}, {"Store Name": "Whole Foods Market", "Address": "6020 N Cicero Ave", "Zip": "60646-4302", "New status": "OPEN", "Last updated": "06/04/2020 03:00:00 PM", "Location": "POINT (-87.748332 41.990481)"}, {"Store Name": "Walmart", "Address": "8331 S Stewart Ave", "Zip": "60620-1728", "New status": "CLOSED", "Last updated": "06/10/2020 12:00:00 AM", "Location": "POINT (-87.634052 41.740814)"}, {"Store Name": "Target", "Address": "3300 N Ashland Ave", "Zip": "60657-2109", "New status": "OPEN", "Last updated": "06/05/2020 01:21:00 PM", "Location": "POINT (-87.66875400000002 41.941143)"}, {"Store Name": "Supermercado Chapala", "Address": "7117 N CLARK ST", "Zip": "60626", "New status": "OPEN", "Last updated": "06/10/2020 12:00:00 AM", "Location": "POINT (-87.674552 42.012)"}, {"Store Name": "Grocery Basket", "Address": "351 E 103RD ST", "Zip": "60628", "New status": "OPEN", "Last updated": "06/10/2020 12:00:00 AM", "Location": "POINT (-87.614178 41.707306)"}, {"Store Name": "Carniceria La Hacienda", "Address": "2744 W 55th St", "Zip": "60632", "New status": "OPEN", "Last updated": "06/04/2020 03:00:00 PM", "Location": "POINT (-87.693138 41.793733)"}, {"Store Name": "Carniceria Jimenez", "Address": "4204 W North Ave", "Zip": "60639", "New status": "OPEN", "Last updated": "06/03/2020 09:30:00 PM", "Location": "POINT (-87.73185 41.909879)"}, {"Store Name": "Pete's Fresh Market", "Address": "2333 W Madison St.", "Zip": "60612", "New status": "OPEN", "Last updated": "06/04/2020 03:00:00 PM", "Location": "POINT (-87.68456 41.881155)"}, {"Store Name": "Target", "Address": "6422 N Sheridan Rd Unit A", "Zip": "60626-5336", "New status": "OPEN", "Last updated": "06/05/2020 01:21:00 PM", "Location": "POINT (-87.660677 41.998785)"}, {"Store Name": "Jewel - Osco", "Address": "370 N Desplaines St", "Zip": "60661-1106", "New status": "OPEN", "Last updated": "06/03/2020 05:00:00 PM", "Location": "POINT (-87.644337 41.888757)"}, {"Store Name": "Walmart", "Address": "2844 N Broadway St", "Zip": "60657-6017", "New status": "CLOSED", "Last updated": "06/10/2020 12:00:00 AM", "Location": "POINT (-87.644278 41.934267000000006)"}, {"Store Name": "Trader Joe's", "Address": "3745 N LINCOLN AVE", "Zip": "60613", "New status": "OPEN", "Last updated": "06/10/2020 12:00:00 AM", "Location": "POINT (-87.675803 41.949969)"}, {"Store Name": "Cermak Produce", "Address": "3435 S Archer", "Zip": "60608", "New status": "OPEN", "Last updated": "06/04/2020 03:00:00 PM", "Location": "POINT (-87.676229 41.831333)"}, {"Store Name": "Aldi", "Address": "7345 S State St", "Zip": "60619-1622", "New status": "OPEN", "Last updated": "06/05/2020 01:21:00 PM", "Location": "POINT (-87.624864 41.760589)"}, {"Store Name": "Target", "Address": "1 S State St", "Zip": "60603-2802", "New status": "OPEN", "Last updated": "06/05/2020 01:21:00 PM", "Location": "POINT (-87.62773100000001 41.881754)"}, {"Store Name": "Fresh Marketplace", "Address": "2600 N Central Ave", "Zip": "60639", "New status": "OPEN", "Last updated": "06/04/2020 03:00:00 PM", "Location": "POINT (-87.766131 41.928447)"}, {"Store Name": "Mario's Butcher Shop", "Address": "5817 W Madison St", "Zip": "60644", "New status": "OPEN", "Last updated": "06/04/2020 03:00:00 PM", "Location": "POINT (-87.770457 41.880104)"}, {"Store Name": "Super Mercado Roman", "Address": "6978 N CLARK ST", "Zip": "60626", "New status": "OPEN", "Last updated": "06/10/2020 12:00:00 AM", "Location": "POINT (-87.673898 42.008677)"}, {"Store Name": "County Fair Foods", "Address": "10800 S Western Avenue", "Zip": "60643", "New status": "OPEN", "Last updated": "06/04/2020 03:00:00 PM", "Location": "POINT (-87.6814 41.69714900000001)"}, {"Store Name": "Aldi", "Address": "7627 S Ashland Ave", "Zip": "60620-4248", "New status": "OPEN", "Last updated": "06/05/2020 01:21:00 PM", "Location": "POINT (-87.663497 41.75482)"}, {"Store Name": "Aldi", "Address": "2333 E 95th St", "Zip": "60617-4806", "New status": "OPEN", "Last updated": "06/05/2020 01:21:00 PM", "Location": "POINT (-87.566623 41.722569)"}, {"Store Name": "Save A Lot", "Address": "344 E 63rd St", "Zip": "60637", "New status": "OPEN", "Last updated": "06/05/2020 01:21:00 PM", "Location": "POINT (-87.616756 41.780225)"}, {"Store Name": "Costco", "Address": "2746 N Clybourn Ave", "Zip": "60614-1006", "New status": "OPEN", "Last updated": "06/05/2020 01:21:00 PM", "Location": "POINT (-87.676224 41.930664)"}, {"Store Name": "Jewel - Osco", "Address": "5516 N Clark St", "Zip": "60640-1214", "New status": "OPEN", "Last updated": "06/03/2020 05:00:00 PM", "Location": "POINT (-87.668645 41.982857)"}, {"Store Name": "Farmer's Best Market", "Address": "6420 W FULLERTON AVE", "Zip": "60707", "New status": "OPEN", "Last updated": "06/10/2020 12:00:00 AM", "Location": "POINT (-87.790105 41.923654)"}, {"Store Name": "Bockwinkel's at McClurg", "Address": "320 E Ohio", "Zip": "60601", "New status": "OPEN", "Last updated": null, "Location": "POINT (-87.619678 41.892621)"}, {"Store Name": "Food Town", "Address": "935 E 79TH ST", "Zip": "60619", "New status": "OPEN", "Last updated": "06/10/2020 12:00:00 AM", "Location": "POINT (-87.601174 41.751322)"}, {"Store Name": "Mariano's Fresh Market", "Address": "1500 N Clybourn Ave. #C104", "Zip": "60610", "New status": "OPEN", "Last updated": "06/05/2020 01:21:00 PM", "Location": "POINT (-87.646261 41.908623)"}, {"Store Name": "Supermercado El Guero", "Address": "1701 W 47th Street", "Zip": "60609", "New status": "OPEN", "Last updated": "06/04/2020 03:00:00 PM", "Location": "POINT (-87.667504 41.808611)"}, {"Store Name": "Save A Lot", "Address": "4439 W 63rd St", "Zip": "60629", "New status": "OPEN", "Last updated": "06/04/2020 03:00:00 PM", "Location": "POINT (-87.734011 41.778509)"}, {"Store Name": "Pete's Fresh Market", "Address": "2526 W Cermak Rd.", "Zip": "60608", "New status": "OPEN", "Last updated": "06/04/2020 03:00:00 PM", "Location": "POINT (-87.689379 41.852011)"}, {"Store Name": "Cermak Produce", "Address": "5220 S Pulaski", "Zip": "60632", "New status": "OPEN", "Last updated": "06/04/2020 03:00:00 PM", "Location": "POINT (-87.723369 41.797972)"}, {"Store Name": "Jewel - Osco", "Address": "1341 N Paulina St", "Zip": "60622-2145", "New status": "OPEN", "Last updated": "06/03/2020 05:00:00 PM", "Location": "POINT (-87.670004 41.906389)"}, {"Store Name": "Mariano's Fresh Market", "Address": "3857 S Dr. Martin Luther King Jr. Dr.", "Zip": "60653", "New status": "OPEN", "Last updated": "06/05/2020 01:21:00 PM", "Location": null}, {"Store Name": "Tony's Finer Foods", "Address": "4608 W. Belmont Avenue", "Zip": "60641", "New status": "OPEN", "Last updated": "06/04/2020 03:00:00 PM", "Location": "POINT (-87.742133 41.938918)"}, {"Store Name": "Bockwinkel's Fresh Express", "Address": "155 N Harbor Drive", "Zip": "60601", "New status": "OPEN", "Last updated": null, "Location": "POINT (-87.615743 41.88494)"}, {"Store Name": "Target", "Address": "2939 W Addison St", "Zip": "60618-4635", "New status": "OPEN", "Last updated": "06/05/2020 01:21:00 PM", "Location": "POINT (-87.701338 41.94667)"}, {"Store Name": "Cermak Produce", "Address": "6623 Damen Ave", "Zip": "60645", "New status": "OPEN", "Last updated": "06/04/2020 03:00:00 PM", "Location": "POINT (-87.680301 42.002765)"}, {"Store Name": "Whole Foods Market", "Address": "832 W 63rd St", "Zip": "60621-1902", "New status": "OPEN", "Last updated": "06/04/2020 03:00:00 PM", "Location": "POINT (-87.646252 41.779755)"}, {"Store Name": "Mariano's Fresh Market", "Address": "5353 N Elston", "Zip": "60630", "New status": "OPEN", "Last updated": "06/05/2020 01:21:00 PM", "Location": "POINT (-87.757473 41.978765)"}, {"Store Name": "Aldi", "Address": "2431 W Montrose Ave", "Zip": "60618-1605", "New status": "OPEN", "Last updated": "06/04/2020 03:00:00 PM", "Location": "POINT (-87.689822 41.961329)"}, {"Store Name": "Aldi", "Address": "3030 S Kedzie Ave", "Zip": "60623-4713", "New status": "OPEN", "Last updated": "06/04/2020 03:00:00 PM", "Location": "POINT (-87.704836 41.838177)"}, {"Store Name": "Gordon Food Service Store", "Address": "6431 W FULLERTON AVE", "Zip": "60707", "New status": "OPEN", "Last updated": "06/10/2020 12:00:00 AM", "Location": "POINT (-87.786653 41.923634)"}, {"Store Name": "Cermak Produce", "Address": "4401 W ARMITAGE AVE", "Zip": "60639", "New status": "OPEN", "Last updated": "06/10/2020 12:00:00 AM", "Location": "POINT (-87.737017 41.91706)"}, {"Store Name": "Target", "Address": "1101 W Jackson Blvd", "Zip": "60607-2905", "New status": "OPEN", "Last updated": "06/05/2020 01:21:00 PM", "Location": "POINT (-87.654886 41.877858)"}, {"Store Name": "Whole Foods Market", "Address": "5118 S Lake Park Ave", "Zip": "60615-4115", "New status": "OPEN", "Last updated": "06/04/2020 03:00:00 PM", "Location": "POINT (-87.587718 41.80173500000001)"}, {"Store Name": "Supermercado El Guero", "Address": "2101 W Cermak Rd", "Zip": "60608", "New status": "OPEN", "Last updated": "06/04/2020 03:00:00 PM", "Location": "POINT (-87.678526 41.852157)"}, {"Store Name": "Aldi", "Address": "4645 W Diversey Ave", "Zip": "60639-1828", "New status": "OPEN", "Last updated": "06/04/2020 03:00:00 PM", "Location": "POINT (-87.743743 41.931592)"}, {"Store Name": "Supermercado El Guero", "Address": "4023 S Archer Ave.", "Zip": "60632", "New status": "OPEN", "Last updated": "06/04/2020 03:00:00 PM", "Location": "POINT (-87.693738 41.820567)"}, {"Store Name": "Walmart", "Address": "3320 South Cicero Avenue", "Zip": "nan", "New status": "OPEN", "Last updated": "06/10/2020 12:00:00 AM", "Location": "POINT (-87.74364 41.830299)"}, {"Store Name": "Beverly Food Mart", "Address": "8636 S ASHLAND AVE", "Zip": "60620", "New status": "OPEN", "Last updated": "06/10/2020 12:00:00 AM", "Location": "POINT (-87.663181 41.73671)"}, {"Store Name": "Food Market La Chicquita", "Address": "3555 W 26th Street", "Zip": "60623", "New status": "OPEN", "Last updated": "06/04/2020 03:00:00 PM", "Location": "POINT (-87.714614 41.844396)"}, {"Store Name": "Aldi", "Address": "6520 W Fullerton Ave", "Zip": "60707-3431", "New status": "OPEN", "Last updated": "06/04/2020 03:00:00 PM", "Location": "POINT (-87.788159 41.923717)"}, {"Store Name": "Supermercado La Chiqutia", "Address": "2623 S PULASKI RD", "Zip": "60623", "New status": "OPEN", "Last updated": "06/10/2020 12:00:00 AM", "Location": "POINT (-87.724514 41.843419)"}, {"Store Name": "Tony's Finer Foods", "Address": "5233 N. Lincoln Ave", "Zip": "60625", "New status": "OPEN", "Last updated": "06/04/2020 03:00:00 PM", "Location": "POINT (-87.69240600000002 41.976631)"}, {"Store Name": "Aldi", "Address": "6025 S Western Ave", "Zip": "60636-2019", "New status": "OPEN", "Last updated": "06/05/2020 01:21:00 PM", "Location": "POINT (-87.68370700000001 41.78380000000001)"}, {"Store Name": "Mariano's Fresh Market", "Address": "3030 N Broadway Suite 100", "Zip": "60657", "New status": "OPEN", "Last updated": "06/05/2020 01:21:00 PM", "Location": "POINT (-87.644291 41.937393)"}, {"Store Name": "Pete's Fresh Market", "Address": "4700 S Kedzie Ave.", "Zip": "60632", "New status": "OPEN", "Last updated": "06/04/2020 03:00:00 PM", "Location": "POINT (-87.703961 41.807662)"}, {"Store Name": "Jewel - Osco", "Address": "11730 S Marshfield Ave", "Zip": "60643-4904", "New status": "OPEN", "Last updated": "06/03/2020 05:00:00 PM", "Location": "POINT (-87.66251200000002 41.6814)"}, {"Store Name": "Jewel - Osco", "Address": "3630 N Southport Ave", "Zip": "60613-3710", "New status": "OPEN", "Last updated": "06/03/2020 05:00:00 PM", "Location": "POINT (-87.664031 41.94821400000001)"}, {"Store Name": "Potash Markets", "Address": "175 E Delaware", "Zip": "60611", "New status": "OPEN", "Last updated": "06/04/2020 03:00:00 PM", "Location": "POINT (-87.622865 41.899246)"}, {"Store Name": "Aldi", "Address": "3835 W Madison St", "Zip": "60624-2335", "New status": "OPEN", "Last updated": "06/04/2020 03:00:00 PM", "Location": "POINT (-87.722009 41.88078)"}, {"Store Name": "Walmart", "Address": "2551 W Cermak Rd", "Zip": "60608-3719", "New status": "CLOSED", "Last updated": "06/10/2020 12:00:00 AM", "Location": "POINT (-87.689211 41.852013)"}, {"Store Name": "Carniceria La Hacienda", "Address": "3629 W 63rd St", "Zip": "60629", "New status": "OPEN", "Last updated": "06/04/2020 03:00:00 PM", "Location": "POINT (-87.714114 41.7788)"}, {"Store Name": "H Mart", "Address": "711 W JACKSON BLVD", "Zip": "60661", "New status": "OPEN", "Last updated": "06/10/2020 12:00:00 AM", "Location": "POINT (-87.644687 41.87801)"}, {"Store Name": "Leamington Foods", "Address": "3240 W Roosevelt Rd", "Zip": "60624", "New status": "OPEN", "Last updated": "06/04/2020 03:00:00 PM", "Location": "POINT (-87.707076 41.866411)"}, {"Store Name": "Jewel - Osco", "Address": "7530 S Stony Island Ave", "Zip": "60649-3999", "New status": "CLOSED", "Last updated": "06/10/2020 12:00:00 AM", "Location": "POINT (-87.586146 41.758397)"}, {"Store Name": "Jewel - Osco", "Address": "102 W Division St", "Zip": "60610", "New status": "OPEN", "Last updated": "06/03/2020 05:00:00 PM", "Location": "POINT (-87.631522 41.90392)"}, {"Store Name": "Pete's Fresh Market", "Address": "5724 S Kedzie Ave.", "Zip": "60629", "New status": "OPEN", "Last updated": "06/04/2020 03:00:00 PM", "Location": "POINT (-87.703411 41.788825)"}, {"Store Name": "Food 4 Less", "Address": "4620 S Damen Ave", "Zip": "60609-4043", "New status": "OPEN", "Last updated": null, "Location": "POINT (-87.674989 41.809458)"}, {"Store Name": "Pete's Produce", "Address": "1543 East 87th Street", "Zip": "60619", "New status": "OPEN", "Last updated": "06/04/2020 03:00:00 PM", "Location": "POINT (-87.58648500000001 41.736904)"}, {"Store Name": "Whole Foods Market", "Address": "1550 N Kingsbury St", "Zip": "60642-2532", "New status": "OPEN", "Last updated": "06/04/2020 03:00:00 PM", "Location": "POINT (-87.651946 41.908333)"}, {"Store Name": "Cermak Produce", "Address": "4234 N Kedzie Ave.", "Zip": "60618", "New status": "OPEN", "Last updated": "06/04/2020 03:00:00 PM", "Location": "POINT (-87.708144 41.958242)"}, {"Store Name": "La Casa Del Pueblo", "Address": "1810 S Blue Island Ave", "Zip": "60608", "New status": "OPEN", "Last updated": "06/04/2020 03:00:00 PM", "Location": "POINT (-87.662098 41.856785)"}, {"Store Name": "Target", "Address": "4466 N Broadway St", "Zip": "60640-5660", "New status": "OPEN", "Last updated": null, "Location": "POINT (-87.656115 41.963321)"}, {"Store Name": "Park to Shop Supermarket", "Address": "2425 S WALLACE ST", "Zip": "60616", "New status": "OPEN", "Last updated": "06/10/2020 12:00:00 AM", "Location": "POINT (-87.641933 41.848631)"}, {"Store Name": "Morelia Supermarket", "Address": "4833 W DIVERSEY AVE", "Zip": "60639", "New status": "OPEN", "Last updated": "06/10/2020 12:00:00 AM", "Location": "POINT (-87.748197 41.93153)"}, {"Store Name": "Hyde Park Produce", "Address": "1226 E 53RD ST", "Zip": "60615", "New status": "OPEN", "Last updated": "06/10/2020 12:00:00 AM", "Location": "POINT (-87.595593 41.799496)"}, {"Store Name": "Jewel - Osco", "Address": "424 W Division St", "Zip": "60610-3190", "New status": "OPEN", "Last updated": "06/03/2020 05:00:00 PM", "Location": "POINT (-87.639626 41.903827)"}, {"Store Name": "Andy's Fruit Ranch", "Address": "4733 N KEDZIE AVE", "Zip": "60625", "New status": "OPEN", "Last updated": "06/10/2020 12:00:00 AM", "Location": "POINT (-87.708464 41.967651)"}, {"Store Name": "Mariano's Fresh Market", "Address": "5201 N Sheridan Rd", "Zip": "60640", "New status": "OPEN", "Last updated": "06/05/2020 01:21:00 PM", "Location": "POINT (-87.655022 41.976906)"}, {"Store Name": "Target", "Address": "1346 E 53rd St", "Zip": "60615-4046", "New status": "OPEN", "Last updated": "06/05/2020 01:21:00 PM", "Location": "POINT (-87.593095 41.799527)"}, {"Store Name": "Mariano's Fresh Market", "Address": "1800 West Lawrence Ave.", "Zip": "60640", "New status": "OPEN", "Last updated": "06/05/2020 01:21:00 PM", "Location": "POINT (-87.675062 41.968858)"}, {"Store Name": "Fairplay Neighborhood Market", "Address": "2323 W 111th St.", "Zip": "60643", "New status": "OPEN", "Last updated": "06/04/2020 03:00:00 PM", "Location": "POINT (-87.680391 41.691788)"}, {"Store Name": "Pete's Fresh Market", "Address": "3448 E 118th St.", "Zip": "60617", "New status": "OPEN", "Last updated": "06/04/2020 03:00:00 PM", "Location": "POINT (-87.540984 41.68094700000001)"}, {"Store Name": "Tony's Finer Foods", "Address": "5630 W. Belmont Ave", "Zip": "60634", "New status": "OPEN", "Last updated": "06/04/2020 03:00:00 PM", "Location": "POINT (-87.76795 41.938567)"}, {"Store Name": "Stumpy's Grocery & Deli", "Address": "9001 S ASHLAND AVE", "Zip": "60620", "New status": "OPEN", "Last updated": "06/10/2020 12:00:00 AM", "Location": "POINT (-87.662846 41.730156)"}, {"Store Name": "Devon Market", "Address": "1440 W Devon Ave", "Zip": "60660", "New status": "OPEN", "Last updated": "06/04/2020 03:00:00 PM", "Location": "POINT (-87.667512 41.998125)"}, {"Store Name": "Whole Foods Market", "Address": "255 E Grand Ave", "Zip": "60611-3315", "New status": "OPEN", "Last updated": "06/04/2020 03:00:00 PM", "Location": "POINT (-87.621346 41.891801)"}, {"Store Name": "Target", "Address": "1154 S Clark St", "Zip": "60605-2159", "New status": "OPEN", "Last updated": "06/10/2020 12:00:00 AM", "Location": "POINT (-87.630528 41.867843)"}, {"Store Name": "Mariano's Fresh Market", "Address": "2112 N Ashland", "Zip": "60614", "New status": "OPEN", "Last updated": "06/05/2020 01:21:00 PM", "Location": "POINT (-87.668539 41.920702)"}, {"Store Name": "Tony's Finer Foods", "Address": "4137 N. Elston Ave", "Zip": "60618", "New status": "OPEN", "Last updated": "06/04/2020 03:00:00 PM", "Location": "POINT (-87.72213 41.955747)"}, {"Store Name": "Los Cuatro Hermanos Grocery", "Address": "1858 S ALLPORT ST", "Zip": "60608", "New status": "OPEN", "Last updated": "06/10/2020 12:00:00 AM", "Location": "POINT (-87.657622 41.856653)"}, {"Store Name": "Target", "Address": "7100 S Cicero Ave", "Zip": "60629-5891", "New status": "OPEN", "Last updated": "06/05/2020 01:21:00 PM", "Location": "POINT (-87.742015 41.764792)"}, {"Store Name": "Park to Shop Supermarket Broadway", "Address": "4879 N BROADWAY", "Zip": "60640", "New status": "OPEN", "Last updated": "06/10/2020 12:00:00 AM", "Location": "POINT (-87.659728 41.971045)"}, {"Store Name": "Dill Pickle Food Co-op", "Address": "2746 N MILWAUKEE AVE", "Zip": "60647", "New status": "OPEN", "Last updated": "06/10/2020 12:00:00 AM", "Location": "POINT (-87.710541 41.930966)"}, {"Store Name": "Target", "Address": "4433 S Pulaski Rd", "Zip": "60632-4010", "New status": "OPEN", "Last updated": "06/10/2020 12:00:00 AM", "Location": "POINT (-87.723656 41.812519)"}, {"Store Name": "Moses Butcher Shop", "Address": "5057 W DIVISION ST", "Zip": "60651", "New status": "OPEN", "Last updated": null, "Location": "POINT (-87.752533 41.902306)"}, {"Store Name": "Jewel - Osco", "Address": "4660 W Irving Park Rd", "Zip": "60641-2888", "New status": "OPEN", "Last updated": "06/03/2020 05:00:00 PM", "Location": "POINT (-87.744868 41.953468)"}, {"Store Name": "Mariano's Fresh Market", "Address": "3350 North Western Avenue", "Zip": "60618", "New status": "OPEN", "Last updated": "06/05/2020 01:21:00 PM", "Location": "POINT (-87.688178 41.942805)"}, {"Store Name": "Happy Foods - Edgebrook", "Address": "6415 N Central Ave", "Zip": "60646", "New status": "OPEN", "Last updated": "06/04/2020 03:00:00 PM", "Location": "POINT (-87.763514 41.998118)"}, {"Store Name": "Target", "Address": "2656 N Elston Ave", "Zip": "60647-2019", "New status": "OPEN", "Last updated": "06/05/2020 01:21:00 PM", "Location": "POINT (-87.683798 41.929451)"}, {"Store Name": "Trader Joe's", "Address": "667 W DIVERSEY PKWY", "Zip": "60614", "New status": "OPEN", "Last updated": "06/10/2020 12:00:00 AM", "Location": "POINT (-87.645939 41.932807)"}, {"Store Name": "Ogies Food", "Address": "2600 W LITHUANIAN PLAZA CT", "Zip": "60629", "New status": "OPEN", "Last updated": "06/10/2020 12:00:00 AM", "Location": "POINT (-87.688311 41.768259)"}, {"Store Name": "Walmart", "Address": "10900 S Doty Ave", "Zip": "60628-3804", "New status": "OPEN", "Last updated": "06/10/2020 12:00:00 AM", "Location": "POINT (-87.596618 41.696117)"}, {"Store Name": "Walmart", "Address": "7535 S Ashland Ave", "Zip": "60620-4246", "New status": "CLOSED", "Last updated": "06/10/2020 12:00:00 AM", "Location": "POINT (-87.663538 41.756362)"}, {"Store Name": "Cermak Produce", "Address": "1711 W Cermak", "Zip": "60608", "New status": "OPEN", "Last updated": "06/04/2020 03:00:00 PM", "Location": "POINT (-87.669358 41.852296)"}, {"Store Name": "Cermak Produce", "Address": "3033 S Halsted St.", "Zip": "60608", "New status": "OPEN", "Last updated": "06/04/2020 03:00:00 PM", "Location": "POINT (-87.646295 41.838836)"}, {"Store Name": "Pete's Fresh Market", "Address": "5838 S Pulaski Rd.", "Zip": "60629", "New status": "OPEN", "Last updated": "06/04/2020 03:00:00 PM", "Location": "POINT (-87.723053 41.786519)"}, {"Store Name": "Whole Foods Market", "Address": "3201 N Ashland Ave", "Zip": "60657-2156", "New status": "OPEN", "Last updated": "06/04/2020 03:00:00 PM", "Location": "POINT (-87.668592 41.93976)"}, {"Store Name": "Target", "Address": "401 E Illinois St", "Zip": "60611-4305", "New status": "OPEN", "Last updated": "06/05/2020 01:21:00 PM", "Location": "POINT (-87.617634 41.891053)"}, {"Store Name": "Jewel - Osco", "Address": "6107 S Archer Ave", "Zip": "60638-2743", "New status": "OPEN", "Last updated": "06/03/2020 05:00:00 PM", "Location": "POINT (-87.770696 41.794391)"}, {"Store Name": "Foodsmart", "Address": "2901 W Armitage Ave", "Zip": "60647", "New status": "OPEN", "Last updated": "06/04/2020 03:00:00 PM", "Location": "POINT (-87.699617 41.917474)"}, {"Store Name": "Target", "Address": "2434 N SACRAMENTO AVE", "Zip": "60647", "New status": "CLOSED", "Last updated": "06/10/2020 12:00:00 AM", "Location": "POINT (-87.702326 41.925616)"}, {"Store Name": "Save A Lot", "Address": "7240 S Stony Island", "Zip": "60649", "New status": "OPEN", "Last updated": "06/05/2020 01:21:00 PM", "Location": "POINT (-87.586265 41.762774)"}, {"Store Name": "Aldi", "Address": "821 W 115th St", "Zip": "60643-4618", "New status": "OPEN", "Last updated": "06/05/2020 01:21:00 PM", "Location": "POINT (-87.64258800000002 41.685074)"}, {"Store Name": "Trader Joe's", "Address": "44 E ONTARIO ST", "Zip": "60611", "New status": "OPEN", "Last updated": "06/10/2020 12:00:00 AM", "Location": "POINT (-87.626344 41.89332300000001)"}, {"Store Name": "Leamington Foods", "Address": "5467 W Madison St", "Zip": "60644", "New status": "OPEN", "Last updated": "06/04/2020 03:00:00 PM", "Location": "POINT (-87.76380600000002 41.880217)"}, {"Store Name": "Cermak Produce", "Address": "3311 W 26th St.", "Zip": "60623", "New status": "OPEN", "Last updated": "06/04/2020 03:00:00 PM", "Location": "POINT (-87.70826800000002 41.844499000000006)"}, {"Store Name": "Whole Foods Market", "Address": "3640 N Halsted St", "Zip": "60613-4316", "New status": "OPEN", "Last updated": "06/04/2020 03:00:00 PM", "Location": "POINT (-87.649502 41.948387)"}, {"Store Name": "Jewel - Osco", "Address": "6430 W Irving Park Rd", "Zip": "60634-2459", "New status": "OPEN", "Last updated": "06/03/2020 05:00:00 PM", "Location": "POINT (-87.787727 41.952915)"}, {"Store Name": "Carniceria Jimenez", "Address": "3850 W Fullerton Ave", "Zip": "60647", "New status": "OPEN", "Last updated": "06/03/2020 09:30:00 PM", "Location": "POINT (-87.723901 41.924575)"}, {"Store Name": "Target", "Address": "6525 W Diversey Ave", "Zip": "60707-2312", "New status": "OPEN", "Last updated": "06/05/2020 01:21:00 PM", "Location": "POINT (-87.787135 41.930987)"}, {"Store Name": "Aldi", "Address": "10532 S Indianapolis Ave", "Zip": "60617-6355", "New status": "OPEN", "Last updated": "06/05/2020 01:21:00 PM", "Location": "POINT (-87.525607 41.703728)"}, {"Store Name": "Costco", "Address": "7300 S Cicero Ave", "Zip": "60629-5817", "New status": "OPEN", "Last updated": "06/05/2020 01:21:00 PM", "Location": "POINT (-87.741835 41.760134)"}, {"Store Name": "Target", "Address": "2650 N CLARK ST", "Zip": "60614", "New status": "OPEN", "Last updated": "06/10/2020 12:00:00 AM", "Location": "POINT (-87.64393700000001 41.930805)"}, {"Store Name": "Walmart", "Address": "4626 W Diversey Ave", "Zip": "60639-1829", "New status": "CLOSED", "Last updated": "06/10/2020 12:00:00 AM", "Location": "POINT (-87.74243 41.931608)"}, {"Store Name": "Mariano's Fresh Market", "Address": "1615 S Clark Street", "Zip": "60616", "New status": "OPEN", "Last updated": "06/05/2020 01:21:00 PM", "Location": "POINT (-87.630264 41.859325)"}, {"Store Name": "Aldi", "Address": "4500 N Broadway St", "Zip": "60640-5602", "New status": "OPEN", "Last updated": "06/04/2020 03:00:00 PM", "Location": "POINT (-87.65629 41.963599)"}, {"Store Name": "Aldi", "Address": "8500 S Holland Rd", "Zip": "60620-1338", "New status": "OPEN", "Last updated": "06/05/2020 01:21:00 PM", "Location": "POINT (-87.631939 41.73934)"}, {"Store Name": "Whole Foods Market", "Address": "6009 N Broadway St", "Zip": "60660-2500", "New status": "OPEN", "Last updated": "06/04/2020 03:00:00 PM", "Location": "POINT (-87.660244 41.991499000000005)"}, {"Store Name": "Armitage Produce", "Address": "3334 W. Armitage Ave.", "Zip": "60647", "New status": "OPEN", "Last updated": "06/10/2020 12:00:00 AM", "Location": "POINT (-87.710835 41.917361)"}, {"Store Name": "Que Rico Supermercado", "Address": "3552 W ARMITAGE AVE", "Zip": "60647", "New status": "OPEN", "Last updated": "06/10/2020 12:00:00 AM", "Location": "POINT (-87.715646 41.917317)"}, {"Store Name": "Jewel - Osco", "Address": "5320 S Pulaski Rd", "Zip": "60632-4224", "New status": "OPEN", "Last updated": "06/03/2020 05:00:00 PM", "Location": "POINT (-87.723312 41.795953)"}, {"Store Name": "Clarendon Food Mart", "Address": "4183 N CLARENDON AVE", "Zip": "60613", "New status": "OPEN", "Last updated": "06/10/2020 12:00:00 AM", "Location": "POINT (-87.649781 41.958174)"}, {"Store Name": "Trader Joe's", "Address": "1840 N CLYBOURN AVE", "Zip": "60614", "New status": "OPEN", "Last updated": "06/10/2020 12:00:00 AM", "Location": "POINT (-87.654343 41.914418)"}, {"Store Name": "J Freshmart", "Address": "2411 S WALLACE ST", "Zip": "60616", "New status": "OPEN", "Last updated": "06/10/2020 12:00:00 AM", "Location": "POINT (-87.642075 41.848785)"}, {"Store Name": "Plum Market", "Address": "1233 N WELLS ST", "Zip": "60610", "New status": "OPEN", "Last updated": "06/10/2020 12:00:00 AM", "Location": "POINT (-87.634502 41.904751)"}, {"Store Name": "Jewel - Osco", "Address": "4250 N Lincoln Ave", "Zip": "60618-2902", "New status": "OPEN", "Last updated": "06/03/2020 05:00:00 PM", "Location": "POINT (-87.682232 41.959156)"}, {"Store Name": "First Choice Market", "Address": "3019 E 91ST ST", "Zip": "60617", "New status": "OPEN", "Last updated": "06/10/2020 12:00:00 AM", "Location": "POINT (-87.550363 41.73008)"}, {"Store Name": "La Feria Grocery", "Address": "9704 S COMMERCIAL AVE", "Zip": "60617", "New status": "OPEN", "Last updated": "06/10/2020 12:00:00 AM", "Location": "POINT (-87.55104 41.718849)"}, {"Store Name": "Target", "Address": "1940 W 33rd St", "Zip": "60608-6107", "New status": "OPEN", "Last updated": "06/10/2020 12:00:00 AM", "Location": "POINT (-87.674594 41.834066)"}, {"Store Name": "Tony's Finer Foods", "Address": "2500 N Central Avenue", "Zip": "60639", "New status": "OPEN", "Last updated": "06/04/2020 03:00:00 PM", "Location": "POINT (-87.76607 41.926441)"}, {"Store Name": "Jewel - Osco", "Address": "550 N State St", "Zip": "60654-4815", "New status": "OPEN", "Last updated": "06/03/2020 05:00:00 PM", "Location": "POINT (-87.628072 41.89219)"}, {"Store Name": "Jewel - Osco", "Address": "4734 N Cumberland Ave Apt N", "Zip": "60656-4239", "New status": "OPEN", "Last updated": "06/03/2020 05:00:00 PM", "Location": "POINT (-87.836778 41.965579)"}, {"Store Name": "Tai Nam Food Market", "Address": "4925 N BROADWAY", "Zip": "60640", "New status": "OPEN", "Last updated": "06/10/2020 12:00:00 AM", "Location": "POINT (-87.659695 41.972167)"}, {"Store Name": "Jewel - Osco", "Address": "1224 S Wabash Ave", "Zip": "60605-2401", "New status": "OPEN", "Last updated": "06/03/2020 05:00:00 PM", "Location": "POINT (-87.6258 41.866345)"}, {"Store Name": "Tony's Finer Foods", "Address": "3607 W Fullerton", "Zip": "60647", "New status": "OPEN", "Last updated": "06/04/2020 03:00:00 PM", "Location": "POINT (-87.717603 41.924571)"}, {"Store Name": "Trader Joe's", "Address": "1528 E 55TH ST", "Zip": "60615", "New status": "OPEN", "Last updated": "06/10/2020 12:00:00 AM", "Location": "POINT (-87.588351 41.795263)"}, {"Store Name": "Jewel - Osco", "Address": "4355 N Sheridan Rd", "Zip": "60613-1497", "New status": "OPEN", "Last updated": "06/03/2020 05:00:00 PM", "Location": "POINT (-87.654722 41.961462)"}, {"Store Name": "Trader Joe's", "Address": "1147 S WABASH AVE", "Zip": "60605", "New status": "OPEN", "Last updated": "06/10/2020 12:00:00 AM", "Location": "POINT (-87.625838 41.86804)"}, {"Store Name": "Jewel - Osco", "Address": "2550 N Clybourn Ave", "Zip": "60614", "New status": "OPEN", "Last updated": "06/03/2020 05:00:00 PM", "Location": "POINT (-87.67355 41.928315)"}, {"Store Name": "Jewel - Osco", "Address": "4729 N Central Ave", "Zip": "60630-3269", "New status": "OPEN", "Last updated": "06/03/2020 05:00:00 PM", "Location": "POINT (-87.767429 41.966981)"}, {"Store Name": "Jewel - Osco", "Address": "4042 W Foster Ave", "Zip": "60630-2747", "New status": "OPEN", "Last updated": "06/03/2020 05:00:00 PM", "Location": "POINT (-87.729907 41.975461)"}, {"Store Name": "Jewel - Osco", "Address": "1763 W Howard St", "Zip": "60626-1626", "New status": "OPEN", "Last updated": "06/03/2020 05:00:00 PM", "Location": "POINT (-87.674817 42.019397)"}, {"Store Name": "Market Fresh Finer Foods", "Address": "800 N Kedzie Avenue", "Zip": "60651", "New status": "OPEN", "Last updated": "06/04/2020 03:00:00 PM", "Location": "POINT (-87.70659 41.895992)"}, {"Store Name": "Happy Foods - Edison Park", "Address": "6783 Northwest Highway", "Zip": "60631", "New status": "OPEN", "Last updated": "06/04/2020 03:00:00 PM", "Location": "POINT (-87.818421 42.004199)"}, {"Store Name": "Jewel - Osco", "Address": "3128 W 103rd St", "Zip": "60655-2010", "New status": "OPEN", "Last updated": "06/03/2020 05:00:00 PM", "Location": "POINT (-87.699375 41.706252)"}, {"Store Name": "Aldi", "Address": "2828 N Central Ave", "Zip": "60634-5306", "New status": "OPEN", "Last updated": "06/04/2020 03:00:00 PM", "Location": "POINT (-87.766235 41.931987)"}, {"Store Name": "Aldi", "Address": "5629 W Fillmore St", "Zip": "60644-5504", "New status": "OPEN", "Last updated": "06/04/2020 03:00:00 PM", "Location": "POINT (-87.766267 41.867428)"}, {"Store Name": "Woodlawn Super Fair LLC", "Address": "6319 S VERNON AVE", "Zip": "60637", "New status": "OPEN", "Last updated": "06/10/2020 12:00:00 AM", "Location": "POINT (-87.614421 41.779709)"}, {"Store Name": "Target", "Address": "3204 N CLARK ST", "Zip": "60657", "New status": "OPEN", "Last updated": "06/10/2020 12:00:00 AM", "Location": "POINT (-87.650766 41.940086)"}, {"Store Name": "Aldi", "Address": "1739 W Cermak Rd", "Zip": "60608-4315", "New status": "OPEN", "Last updated": "06/04/2020 03:00:00 PM", "Location": "POINT (-87.670188 41.852282)"}, {"Store Name": "Aldi", "Address": "1440 N Kostner Ave", "Zip": "60651-1602", "New status": "OPEN", "Last updated": "06/04/2020 03:00:00 PM", "Location": "POINT (-87.736287 41.907435)"}, {"Store Name": "Potash Markets", "Address": "875 N State Street", "Zip": "60610", "New status": "OPEN", "Last updated": "06/04/2020 03:00:00 PM", "Location": "POINT (-87.628297 41.898681)"}, {"Store Name": "Jewel - Osco", "Address": "443 E 34th St", "Zip": "60616-4135", "New status": "OPEN", "Last updated": "06/03/2020 05:00:00 PM", "Location": "POINT (-87.614555 41.83312)"}, {"Store Name": "Seafood City Supermarket", "Address": "5033 N ELSTON AVE", "Zip": "60630", "New status": "OPEN", "Last updated": "06/10/2020 12:00:00 AM", "Location": "POINT (-87.746374 41.971936)"}, {"Store Name": "Target", "Address": "2112 W Peterson Ave", "Zip": "60659-4277", "New status": "OPEN", "Last updated": "06/10/2020 12:00:00 AM", "Location": "POINT (-87.683199 41.990654)"}, {"Store Name": "Jewel - Osco", "Address": "3400 N Western Ave", "Zip": "60618-6012", "New status": "OPEN", "Last updated": "06/03/2020 05:00:00 PM", "Location": "POINT (-87.688073 41.943389)"}, {"Store Name": "Walmart", "Address": "4650 W North Ave", "Zip": "60639-4611", "New status": "CLOSED", "Last updated": "06/10/2020 12:00:00 AM", "Location": "POINT (-87.743003 41.909734)"}, {"Store Name": "Cermak Produce", "Address": "4000 West Diversey Ave", "Zip": "60647", "New status": "OPEN", "Last updated": "06/04/2020 03:00:00 PM", "Location": null}, {"Store Name": "Pete's Produce", "Address": "1411 West 87th Street", "Zip": "60620", "New status": "OPEN", "Last updated": "06/04/2020 03:00:00 PM", "Location": "POINT (-87.658721 41.73579600000001)"}, {"Store Name": "Whole Foods Market", "Address": "1101 S Canal St Ste 107", "Zip": "60607-4932", "New status": "OPEN", "Last updated": "06/04/2020 03:00:00 PM", "Location": "POINT (-87.639224 41.868909)"}, {"Store Name": "Aldi", "Address": "2600 N Clybourn Ave", "Zip": "60614-1004", "New status": "OPEN", "Last updated": "06/04/2020 03:00:00 PM", "Location": "POINT (-87.674207 41.928914)"}, {"Store Name": "Carniceria La Hacienda", "Address": "3459 W 59th St", "Zip": "60629", "New status": "OPEN", "Last updated": "06/04/2020 03:00:00 PM", "Location": "POINT (-87.710412 41.78613800000001)"}, {"Store Name": "Bockwinkel's at Park Millenium", "Address": "222 N Columbus", "Zip": "60601", "New status": "OPEN", "Last updated": null, "Location": "POINT (-87.620734 41.886498)"}, {"Store Name": "Walmart", "Address": "7050 S Cicero Ave", "Zip": "60638-6402", "New status": "OPEN", "Last updated": "06/10/2020 12:00:00 AM", "Location": "POINT (-87.742029 41.765309)"}, {"Store Name": "Aldi", "Address": "7545 S Western Ave", "Zip": "60620-5817", "New status": "OPEN", "Last updated": "06/04/2020 03:00:00 PM", "Location": "POINT (-87.682933 41.756043)"}, {"Store Name": "Shop & Save Market", "Address": "5829 S Archer Ave", "Zip": "60638", "New status": "OPEN", "Last updated": "06/04/2020 03:00:00 PM", "Location": "POINT (-87.759575 41.796111)"}, {"Store Name": "Cermak Produce", "Address": "2701 W NORTH AVE", "Zip": "60647", "New status": "OPEN", "Last updated": "06/10/2020 12:00:00 AM", "Location": "POINT (-87.69471 41.910211)"}, {"Store Name": "Aldi", "Address": "620 W 63rd St", "Zip": "60621-2012", "New status": "OPEN", "Last updated": "06/05/2020 01:21:00 PM", "Location": "POINT (-87.640454 41.779823)"}, {"Store Name": "One Stop Foods", "Address": "4301 S Lake Park Ave", "Zip": "60653", "New status": "OPEN", "Last updated": "06/04/2020 03:00:00 PM", "Location": "POINT (-87.598545 41.816482)"}, {"Store Name": "Jewel - Osco", "Address": "1655 E 95th St", "Zip": "60617-4707", "New status": "OPEN", "Last updated": "06/03/2020 05:00:00 PM", "Location": "POINT (-87.584006 41.722319)"}, {"Store Name": "Fairplay Neighborhood Market", "Address": "4640 S Halsted St.", "Zip": "60609", "New status": "OPEN", "Last updated": "06/05/2020 01:21:00 PM", "Location": "POINT (-87.64562400000001 41.810628)"}, {"Store Name": "Whole Foods Market", "Address": "959 W Fullerton Ave", "Zip": "60614-2406", "New status": "ONLINE ORDERS ONLY", "Last updated": "06/10/2020 12:00:00 AM", "Location": "POINT (-87.6533 41.925405)"}, {"Store Name": "Save A Lot", "Address": "420 S Pulaksi Rd", "Zip": "60624", "New status": "OPEN", "Last updated": "06/05/2020 01:21:00 PM", "Location": "POINT (-87.725425 41.874532)"}, {"Store Name": "Potash Markets", "Address": "1525 N Clark Street", "Zip": "60610", "New status": "OPEN", "Last updated": "06/04/2020 03:00:00 PM", "Location": "POINT (-87.63163300000001 41.910246)"}, {"Store Name": "Mariano's Fresh Market", "Address": "2021 W Chicago Avenue", "Zip": "60622", "New status": "OPEN", "Last updated": "06/05/2020 01:21:00 PM", "Location": "POINT (-87.677972 41.895918)"}, {"Store Name": "Carniceria La Hacienda", "Address": "5153 S Kedzie Ave", "Zip": "60632", "New status": "OPEN", "Last updated": "06/10/2020 12:00:00 AM", "Location": "POINT (-87.703718 41.799112)"}, {"Store Name": "Aldi", "Address": "4934 S Kedzie Ave", "Zip": "60632-3042", "New status": "OPEN", "Last updated": "06/04/2020 03:00:00 PM", "Location": "POINT (-87.703824 41.802995)"}, {"Store Name": "Aldi", "Address": "13085 S Ashland Ave", "Zip": "60827-6333", "New status": "OPEN", "Last updated": "06/04/2020 03:00:00 PM", "Location": "POINT (-87.660633 41.656854)"}, {"Store Name": "Jewel - Osco", "Address": "6014 S Cottage Grove", "Zip": "60637", "New status": "OPEN", "Last updated": "06/03/2020 05:00:00 PM", "Location": "POINT (-87.606036 41.784548)"}, {"Store Name": "Rio Valley Market", "Address": "3307 W 63RD ST", "Zip": "60629", "New status": "OPEN", "Last updated": "06/10/2020 12:00:00 AM", "Location": "POINT (-87.707291 41.778911)"}, {"Store Name": "Johnny's Foods", "Address": "7158 S ASHLAND AVE", "Zip": "60636", "New status": "CLOSED", "Last updated": "06/10/2020 12:00:00 AM", "Location": "POINT (-87.663836 41.763146)"}, {"Store Name": "Jewel - Osco", "Address": "7342 W Foster Ave Ste 1", "Zip": "60656-3617", "New status": "OPEN", "Last updated": "06/03/2020 05:00:00 PM", "Location": "POINT (-87.811426 41.974395)"}, {"Store Name": "Save A Lot", "Address": "10700 S Halsed St", "Zip": "60628", "New status": "OPEN", "Last updated": "06/04/2020 03:00:00 PM", "Location": "POINT (-87.642681 41.699358)"}, {"Store Name": "Jewel - Osco", "Address": "3570 N Elston Ave", "Zip": "60618-4318", "New status": "OPEN", "Last updated": "06/03/2020 05:00:00 PM", "Location": "POINT (-87.708163 41.946197)"}, {"Store Name": "Carniceria Jimenez", "Address": "3850 W North Ave", "Zip": "60647", "New status": "OPEN", "Last updated": "06/03/2020 09:30:00 PM", "Location": "POINT (-87.723227 41.909993)"}, {"Store Name": "Food Market La Chicquita", "Address": "2637 S Pulaski Road", "Zip": "60623", "New status": "OPEN", "Last updated": "06/04/2020 03:00:00 PM", "Location": "POINT (-87.724506 41.843096)"}, {"Store Name": "Carniceria Jimenez", "Address": "5330 W Belmont Ave", "Zip": "60641", "New status": "OPEN", "Last updated": "06/03/2020 09:30:00 PM", "Location": "POINT (-87.760298 41.938673)"}, {"Store Name": "Whole Foods Market", "Address": "30 W Huron St", "Zip": "60654-6402", "New status": "OPEN", "Last updated": "06/04/2020 03:00:00 PM", "Location": "POINT (-87.629609 41.894857)"}, {"Store Name": "Jewel - Osco", "Address": "3644 S Archer Ave", "Zip": "60609-1044", "New status": "OPEN", "Last updated": "06/03/2020 05:00:00 PM", "Location": "POINT (-87.68249100000001 41.827526)"}, {"Store Name": "Aldi", "Address": "1836 N Clybourn Ave", "Zip": "60614-4902", "New status": "OPEN", "Last updated": "06/04/2020 03:00:00 PM", "Location": "POINT (-87.654184 41.914306)"}, {"Store Name": "Jewel - Osco", "Address": "1220 S Ashland Ave", "Zip": "60608", "New status": "OPEN", "Last updated": "06/03/2020 05:00:00 PM", "Location": "POINT (-87.666452 41.866306)"}, {"Store Name": "Aldi", "Address": "4501 S Pulaski Rd", "Zip": "60632-4035", "New status": "OPEN", "Last updated": "06/04/2020 03:00:00 PM", "Location": "POINT (-87.723596 41.810456)"}, {"Store Name": "Aldi", "Address": "5501 S HARLEM AVE", "Zip": "60638", "New status": "OPEN", "Last updated": "06/10/2020 12:00:00 AM", "Location": "POINT (-87.801377 41.791634)"}, {"Store Name": "Fresh Thyme Farmers Market", "Address": "2500 N ELSTON AVE", "Zip": "60647", "New status": "OPEN", "Last updated": "06/10/2020 12:00:00 AM", "Location": "POINT (-87.680485 41.927161000000005)"}, {"Store Name": "Big Apple Finer Foods", "Address": "2345 N Clark St", "Zip": "60614-3422", "New status": "OPEN", "Last updated": null, "Location": "POINT (-87.639871 41.924644)"}, {"Store Name": "Centro Fresh Market", "Address": "4804 W DIVERSEY AVE", "Zip": "60639", "New status": "OPEN", "Last updated": "06/10/2020 12:00:00 AM", "Location": "POINT (-87.746768 41.931564)"}, {"Store Name": "Save A Lot", "Address": "2858 E 83rd St", "Zip": "60617", "New status": "OPEN", "Last updated": "06/05/2020 01:21:00 PM", "Location": "POINT (-87.554402 41.74461)"}, {"Store Name": "Mariano's Lakeshore East", "Address": "333 E Benton Pl", "Zip": "60601-7412", "New status": "OPEN", "Last updated": "06/05/2020 01:21:00 PM", "Location": "POINT (-87.61846 41.885515)"}, {"Store Name": "Aldi", "Address": "8333 S Cicero Ave", "Zip": "60652-3596", "New status": "OPEN", "Last updated": "06/04/2020 03:00:00 PM", "Location": "POINT (-87.740988 41.740856)"}, {"Store Name": "Montrose Food Mart & Deli", "Address": "6601 W IRVING PARK RD", "Zip": "60634", "New status": "OPEN", "Last updated": "06/10/2020 12:00:00 AM", "Location": "POINT (-87.790868 41.952851)"}, {"Store Name": "Jewel - Osco", "Address": "3531 N Broadway St", "Zip": "60657-1825", "New status": "OPEN", "Last updated": "06/03/2020 05:00:00 PM", "Location": "POINT (-87.646797 41.946598)"}, {"Store Name": "Fat Lee Supermarket", "Address": "2707 S WELLS ST", "Zip": "60616", "New status": "OPEN", "Last updated": "06/10/2020 12:00:00 AM", "Location": "POINT (-87.633033 41.843813)"}, {"Store Name": "Aldi", "Address": "6220 N California Ave", "Zip": "60659-2608", "New status": "OPEN", "Last updated": "06/04/2020 03:00:00 PM", "Location": "POINT (-87.699541 41.994349)"}, {"Store Name": "Fair Share Finer Foods", "Address": "6422 W 63rd Street", "Zip": "60638", "New status": "OPEN", "Last updated": "06/04/2020 03:00:00 PM", "Location": "POINT (-87.782075 41.777702)"}, {"Store Name": "Avenue Food Mart", "Address": "6850 W BELMONT AVE", "Zip": "60634", "New status": "OPEN", "Last updated": "06/10/2020 12:00:00 AM", "Location": "POINT (-87.79769200000001 41.938134)"}, {"Store Name": "Lindo Michoacan", "Address": "3142 W LAWRENCE  AVE", "Zip": "60625", "New status": "OPEN", "Last updated": "06/10/2020 12:00:00 AM", "Location": "POINT (-87.707908 41.968473)"}]}}